title,publishedAt,categoryId,viewCount,likeCount,views_in_million
El Clasico Copa del Rey Final: Barcelona vs. Real Madrid | Copa del Rey Highlights | ESPN FC,2025-04-26T22:57:38Z,17,1660228,22318,1.660228
"Would You Risk Drowning for $500,000?",2025-04-26T16:00:00Z,24,56362921,1750660,56.362921
Liverpool v. Tottenham Hotspur | PREMIER LEAGUE HIGHLIGHTS | 4/27/2025 | NBC Sports,2025-04-27T18:19:46Z,17,694027,10808,0.694027
AMP THE PRICE IS WRONG,2025-04-27T18:59:54Z,24,853769,31318,0.853769
"Recently surfaced 9/11 evidence includes video of Capitol, airplane sketch | 60 Minutes",2025-04-28T03:00:30Z,25,839315,12817,0.839315
"#3 LAKERS at #6 TIMBERWOLVES | FULL GAME 4 HIGHLIGHTS | April 27, 2025",2025-04-27T22:55:25Z,17,2275491,23967,2.275491
"Skyrim Speedrun, but the quests make no sense",2025-04-27T19:37:17Z,20,795269,45910,0.795269
Master Chief VS Doom Slayer (Halo VS Doom) | DEATH BATTLE!,2025-04-27T17:00:07Z,24,1229681,87784,1.229681
"Shedeur Sanders sliding is HIS OWN FAULT, Seahawks WIN BIG in 2025 NFL Draft | Colin Cowherd Podcast",2025-04-28T02:08:33Z,17,281715,5176,0.281715
CO-WORKERS WITH OUR FRIENDS FOR THE DAY !!,2025-04-28T00:07:46Z,1,196725,8915,0.196725
LUKA DONCIC: Sundae Conversation with Caleb Pressley,2025-04-27T12:01:11Z,24,863846,39049,0.863846
The REAL Reason Shedeur Sanders FELL in the NFL Draft,2025-04-27T18:02:54Z,17,582056,18439,0.582056
Shedeur Sanders FALLS to 5th Round! Will he make NFL teams REGRET Passing on Him? | Nightcap,2025-04-27T12:01:13Z,17,606950,14681,0.60695
Are People Starting To Hate The Savannah Bananas?,2025-04-27T23:07:00Z,17,372217,11302,0.372217
‚ÄúSHAME on you!‚Äù Shedeur Sanders fell to the FIFTH round? My response.,2025-04-26T21:59:36Z,24,1240030,33580,1.24003
The Most Dangerous Building in Manhattan,2025-04-26T20:07:58Z,27,5695906,153443,5.695906
My best competition in YEARS,2025-04-27T16:13:13Z,17,919382,51445,0.919382
Magical Fishing Pool | Minecraft Misadventures SMP | Ep. 5,2025-04-27T15:16:06Z,20,357923,30108,0.357923
I Hid in Viral YouTube Videos and Nobody Noticed‚Ä¶,2025-04-27T20:46:47Z,24,1518317,52256,1.518317
Inside the NBA REACTS to Lakers vs Timberwolves GAME 4 Highlights,2025-04-27T22:46:53Z,17,911594,8568,0.911594
Trump border czar Tom Homan on U.S. children removed from country during deportations,2025-04-27T22:41:47Z,25,181480,3225,0.18148
HIGHLIGHTS | FC BARCELONA 3 vs 2 REAL MADRID | EL CL√ÅSICO | COPA DEL REY FINAL 24/25 | CHAMPIONS!üîµüî¥üèÜ,2025-04-26T23:09:42Z,17,16140889,370404,16.140889
Cazzu - √ìdiame (Video Oficial),2025-04-27T23:00:06Z,10,684209,101707,0.684209
Travis Hunter Arrives in JACKSONVILLE!! (Meets Staff + Facility Tour),2025-04-27T00:30:35Z,17,1566500,49804,1.5665
Pope Francis' procession to burial place in St. Mary Major,2025-04-26T11:12:08Z,25,1639847,12648,1.639847
I Connected My Three Giant Vivariums Together and It Changed Everything,2025-04-27T15:29:17Z,15,746860,37710,0.74686
What Happened With Shedeur Sanders?,2025-04-28T01:41:16Z,20,218028,9625,0.218028
The Elder Scrolls IV: Oblivion Remastered,2025-04-27T19:30:14Z,20,1422885,75881,1.422885
INSPECTING MY AUDI RS6 THAT WENT MISSING,2025-04-27T17:00:13Z,2,1605683,72350,1.605683
How Minecraft Mobs Act when you leave‚Ä¶,2025-04-26T14:15:04Z,20,1284885,19367,1.284885
NRL Match Highlights 2025 | Broncos v Bulldogs | Round 8,2025-04-24T12:10:06Z,17,216585,2539,0.216585
Highlights: Liverpool 5-1 Tottenham | We Are Premier League CHAMPIONS!,2025-04-27T21:00:37Z,17,3185638,70587,3.185638
Reaction to Shedeur Sanders drafted by Cleveland Browns in NFL Draft | Colin Cowherd Podcast,2025-04-26T20:04:20Z,17,562981,13232,0.562981
I Found The Baby Born Next To Me...30 Years Later,2025-04-27T16:31:11Z,23,952873,80667,0.952873
I Spent 24 Hours at the World's Largest Hotel,2025-04-26T17:16:05Z,22,1163942,54519,1.163942
I Collected Every Block In Minecraft,2025-04-26T13:01:25Z,20,1295437,28574,1.295437
UNCLE ROGER ALMOST DIED (24 Hours In Thailand With Mark Wiens),2025-04-27T14:00:16Z,23,885171,44726,0.885171
INSTANT CLASSIC | EUBANK JR. VS BENN | FIGHT HIGHLIGHTS,2025-04-26T22:44:04Z,17,1225706,19795,1.225706
2025 NFL Draft Day 2 LIVE üö® | ESPN NFL üèà,2025-04-26T03:42:50Z,17,1544909,8989,1.544909
Blind French Fry Taste Test,2025-04-28T10:01:26Z,24,345548,15146,0.345548
VENEZIA-MILAN 0-2 | HIGHLIGHTS | Pulisic and Gimenez Seal Victory in Venice | Serie A 2024/25,2025-04-27T13:36:12Z,17,646404,11782,0.646404
Central Cee - No Introduction [Music Video],2025-04-27T19:00:06Z,10,734156,79508,0.734156
UFF (Music Video): Sushant KC | Swastima Khadka | Indrakala Rai | New Hindi Song | T-Series,2025-04-28T05:30:18Z,10,1394880,154743,1.39488
Caleb Hearon Joins Brittany Broski's Royal Court,2025-04-25T17:00:08Z,22,1463997,97798,1.463997
Chris Hughes & JoJo Siwa: ‚ÄòWe Found a Platonic Soulmate In Each Other‚Äô | This Morning,2025-04-28T09:30:40Z,24,163156,2421,0.163156
Testing SCARY Mario Myths that are actually TRUE‚Ä¶,2025-04-26T16:39:42Z,20,1053591,10167,1.053591
"John Cena, Randy Orton Get Personal | FULL SEGMENT | WWE SmackDown Highlights 4/25/25 | WWE on USA",2025-04-26T00:48:50Z,17,1258521,33976,1.258521
"Trump, Biden and other dignitaries attend Pope Francis' funeral",2025-04-26T08:33:05Z,25,978080,8053,0.97808
HELLAVERSE UPDATE,2025-04-25T20:30:07Z,1,2738030,423968,2.73803
